{
  "datasets": [
    {
      "version": "v1",
      "data": {
        "id": "n4jk4fmg",
        "label": "MIGRACIONES_ONU.csv",
        "color": [
          192,
          108,
          132
        ],
        "allData": [
          [
            "Estados Unidos",
            -112.4616737,
            45.6795472,
            10.495939,
            -66.887962,
            42119,
            75572,
            109748,
            142706,
            180905,
            224986,
            232448
          ],
          [
            "Espa�a",
            -3.647550473,
            40.24448698,
            10.495939,
            -66.887962,
            32469,
            38704,
            61587,
            108707,
            148147,
            160478,
            162000
          ],
          [
            "Italia",
            12.07001339,
            42.79662641,
            10.495939,
            -66.887962,
            9773,
            9261,
            8748,
            28803,
            48962,
            48970,
            49831
          ],
          [
            "Colombia",
            -73.08114582,
            3.913834307,
            10.495939,
            -66.887962,
            33123,
            35162,
            37200,
            37137,
            43511,
            48714,
            49829
          ],
          [
            "Portugal",
            -8.501043613,
            39.59550671,
            10.495939,
            -66.887962,
            14959,
            18220,
            22222,
            23744,
            21323,
            24174,
            24603
          ],
          [
            "Canada",
            -98.30777028,
            61.36206324,
            10.495939,
            -66.887962,
            3339,
            5582,
            7958,
            12434,
            16005,
            17898,
            18608
          ],
          [
            "Mexico",
            -102.5234517,
            23.94753724,
            10.495939,
            -66.887962,
            1460,
            2194,
            3024,
            6526,
            10786,
            15959,
            16373
          ],
          [
            "Panama",
            -80.11915156,
            8.517507975,
            10.495939,
            -66.887962,
            487,
            715,
            989,
            4592,
            8415,
            9883,
            10204
          ],
          [
            "Ecuador",
            -78.75201923,
            -1.423816125,
            10.495939,
            -66.887962,
            2549,
            3120,
            3691,
            4357,
            6120,
            8901,
            9166
          ],
          [
            "Alemania",
            10.38578051,
            51.10698181,
            10.495939,
            -66.887962,
            1662,
            2306,
            2950,
            5362,
            7362,
            7671,
            9130
          ],
          [
            "Reino Unido",
            -2.865631641,
            54.12387156,
            10.495939,
            -66.887962,
            555,
            2182,
            3846,
            6053,
            8754,
            7670,
            8062
          ],
          [
            "Francia",
            -2.761729445,
            42.17344011,
            10.495939,
            -66.887962,
            3253,
            3358,
            3463,
            5493,
            5858,
            6446,
            6433
          ],
          [
            "Republica Dominicana",
            -70.50568896,
            18.89433082,
            10.495939,
            -66.887962,
            14235,
            15811,
            17386,
            11299,
            5132,
            5417,
            5539
          ],
          [
            "Haiti",
            -72.68527509,
            18.93502563,
            10.495939,
            -66.887962,
            2510,
            2954,
            3397,
            4007,
            4616,
            5198,
            5330
          ],
          [
            "Australia",
            134.4910001,
            -25.73288704,
            10.495939,
            -66.887962,
            606,
            915,
            1170,
            1600,
            3360,
            4895,
            5132
          ],
          [
            "Chile",
            -71.38256213,
            -37.73070989,
            10.495939,
            -66.887962,
            2349,
            3148,
            4044,
            3279,
            2514,
            4134,
            4302
          ],
          [
            "Holanda",
            5.28144793,
            52.1007899,
            10.495939,
            -66.887962,
            1474,
            1774,
            2136,
            2898,
            3333,
            3878,
            4148
          ],
          [
            "Suiza",
            8.208674706,
            46.79785878,
            10.495939,
            -66.887962,
            1787,
            2224,
            2671,
            3003,
            3395,
            3989,
            4137
          ],
          [
            "Brasil",
            -53.09783113,
            -10.78777702,
            10.495939,
            -66.887962,
            1220,
            1694,
            2167,
            2524,
            2844,
            3425,
            3515
          ],
          [
            "Aruba",
            -69.98267711,
            12.52088038,
            10.495939,
            -66.887962,
            1144,
            2000,
            2856,
            3074,
            3231,
            3399,
            3421
          ],
          [
            "Peru",
            -74.38242685,
            -9.152803813,
            10.495939,
            -66.887962,
            2316,
            2021,
            2362,
            2763,
            2995,
            3237,
            3318
          ],
          [
            "Puerto Rico",
            -66.47307604,
            18.22813055,
            10.495939,
            -66.887962,
            1264,
            1617,
            1974,
            2198,
            2147,
            2302,
            2244
          ],
          [
            "Guyana",
            -58.98202459,
            4.79378034,
            10.495939,
            -66.887962,
            478,
            768,
            1057,
            1424,
            1791,
            2099,
            2118
          ],
          [
            "Trinidad y Tobago",
            -61.26567923,
            10.45733408,
            10.495939,
            -66.887962,
            1337,
            1213,
            1413,
            1516,
            1672,
            1732,
            1743
          ],
          [
            "Costa Rica",
            -84.19208768,
            9.976344638,
            10.495939,
            -66.887962,
            1030,
            834,
            1054,
            690,
            1360,
            1381,
            1389
          ],
          [
            "Argentina",
            -65.17980693,
            -35.3813488,
            10.495939,
            -66.887962,
            1981,
            2290,
            2600,
            1918,
            1236,
            1240,
            1286
          ],
          [
            "Suecia",
            16.74558049,
            62.77966519,
            10.495939,
            -66.887962,
            352,
            418,
            449,
            585,
            804,
            1117,
            1199
          ],
          [
            "Noruega",
            15.34834656,
            68.75015572,
            10.495939,
            -66.887962,
            80,
            133,
            178,
            261,
            631,
            1073,
            1148
          ],
          [
            "Austria",
            14.1264761,
            47.58549439,
            10.495939,
            -66.887962,
            504,
            569,
            633,
            708,
            782,
            915,
            1007
          ],
          [
            "Grecia",
            22.95555794,
            39.07469623,
            10.495939,
            -66.887962,
            585,
            716,
            859,
            954,
            1091,
            1026,
            1007
          ],
          [
            "Dinamarca",
            10.02800992,
            55.98125296,
            10.495939,
            -66.887962,
            188,
            289,
            389,
            498,
            606,
            734,
            809
          ],
          [
            "Uruguay",
            -56.01807053,
            -32.79951534,
            10.495939,
            -66.887962,
            773,
            713,
            659,
            610,
            565,
            583,
            588
          ],
          [
            "Sudafrica",
            25.08390093,
            -29.00034095,
            10.495939,
            -66.887962,
            296,
            184,
            125,
            149,
            258,
            469,
            496
          ],
          [
            "Belgica",
            4.640651139,
            50.63981576,
            10.495939,
            -66.887962,
            204,
            203,
            197,
            321,
            393,
            439,
            444
          ],
          [
            "Israel",
            35.00444693,
            31.46110101,
            10.495939,
            -66.887962,
            640,
            624,
            574,
            465,
            362,
            373,
            363
          ],
          [
            "Granada",
            -61.68220189,
            12.11725044,
            10.495939,
            -66.887962,
            43,
            175,
            308,
            322,
            337,
            341,
            344
          ],
          [
            "Guatemala",
            -90.36482009,
            15.69403664,
            10.495939,
            -66.887962,
            113,
            144,
            175,
            211,
            246,
            283,
            294
          ],
          [
            "El Salvador",
            -88.87164469,
            13.73943744,
            10.495939,
            -66.887962,
            258,
            219,
            179,
            206,
            232,
            242,
            243
          ],
          [
            "Hungria",
            19.39559116,
            47.16277506,
            10.495939,
            -66.887962,
            169,
            150,
            131,
            162,
            193,
            217,
            242
          ],
          [
            "Finlandia",
            26.2746656,
            64.49884603,
            10.495939,
            -66.887962,
            34,
            41,
            47,
            90,
            132,
            220,
            240
          ],
          [
            "Cuba",
            -79.01605384,
            21.62289528,
            10.495939,
            -66.887962,
            431,
            327,
            222,
            221,
            202,
            182,
            179
          ],
          [
            "Nicaragua",
            -85.0305297,
            12.84709429,
            10.495939,
            -66.887962,
            146,
            116,
            125,
            139,
            148,
            159,
            162
          ],
          [
            "Irlanda",
            -8.137935687,
            53.1754487,
            10.495939,
            -66.887962,
            24,
            67,
            148,
            149,
            125,
            128,
            137
          ],
          [
            "Honduras",
            -86.6151661,
            14.82688165,
            10.495939,
            -66.887962,
            75,
            74,
            73,
            73,
            73,
            102,
            103
          ],
          [
            "Polonia",
            19.39012835,
            52.12759564,
            10.495939,
            -66.887962,
            67,
            57,
            49,
            61,
            75,
            72,
            75
          ],
          [
            "Chipre",
            33.0060022,
            34.91667211,
            10.495939,
            -66.887962,
            16,
            23,
            29,
            42,
            68,
            69,
            67
          ],
          [
            "Santa Lucia",
            -60.96969923,
            13.89479481,
            10.495939,
            -66.887962,
            27,
            35,
            49,
            57,
            60,
            63,
            63
          ],
          [
            "Bulgaria",
            25.21552909,
            42.76890318,
            10.495939,
            -66.887962,
            1,
            7,
            12,
            19,
            25,
            43,
            49
          ],
          [
            "Turkia",
            35.16895346,
            39.0616029,
            10.495939,
            -66.887962,
            9,
            22,
            37,
            38,
            39,
            39,
            46
          ],
          [
            "Eslovenia",
            14.80444238,
            46.11554772,
            10.495939,
            -66.887962,
            5,
            9,
            15,
            27,
            32,
            31,
            45
          ],
          [
            "Romania",
            24.97293039,
            45.85243127,
            10.495939,
            -66.887962,
            3,
            5,
            7,
            8,
            13,
            31,
            40
          ],
          [
            "Antigua y Barbuda",
            -61.79469343,
            17.2774996,
            10.495939,
            -66.887962,
            11,
            22,
            32,
            35,
            37,
            39,
            39
          ],
          [
            "Islandia",
            -18.57396167,
            64.99575386,
            10.495939,
            -66.887962,
            6,
            9,
            12,
            25,
            36,
            39,
            39
          ],
          [
            "Islas Caim�n",
            -80.91213321,
            19.42896497,
            10.495939,
            -66.887962,
            11,
            24,
            38,
            36,
            34,
            33,
            33
          ],
          [
            "Egipto",
            29.86190099,
            26.49593311,
            10.495939,
            -66.887962,
            26,
            25,
            25,
            30,
            32,
            38,
            32
          ],
          [
            "Jordan",
            36.77136104,
            31.24579091,
            10.495939,
            -66.887962,
            45,
            42,
            38,
            55,
            70,
            30,
            31
          ],
          [
            "Dominica",
            -61.357726,
            15.4394702,
            10.495939,
            -66.887962,
            11,
            14,
            17,
            21,
            26,
            30,
            30
          ],
          [
            "Latvia",
            24.91235983,
            56.85085163,
            10.495939,
            -66.887962,
            6,
            9,
            12,
            23,
            35,
            29,
            28
          ],
          [
            "Luxemburgo",
            6.071822011,
            49.76725361,
            10.495939,
            -66.887962,
            25,
            23,
            22,
            19,
            24,
            26,
            26
          ]
        ],
        "fields": [
          {
            "name": "pais",
            "type": "string",
            "format": ""
          },
          {
            "name": "long_1",
            "type": "real",
            "format": ""
          },
          {
            "name": "Lat_1",
            "type": "real",
            "format": ""
          },
          {
            "name": "Lat_0",
            "type": "real",
            "format": ""
          },
          {
            "name": "Long_0",
            "type": "real",
            "format": ""
          },
          {
            "name": "1990",
            "type": "integer",
            "format": ""
          },
          {
            "name": "1995",
            "type": "integer",
            "format": ""
          },
          {
            "name": "2000",
            "type": "integer",
            "format": ""
          },
          {
            "name": "2005",
            "type": "integer",
            "format": ""
          },
          {
            "name": "2010",
            "type": "integer",
            "format": ""
          },
          {
            "name": "2015",
            "type": "integer",
            "format": ""
          },
          {
            "name": "2017",
            "type": "integer",
            "format": ""
          }
        ]
      }
    }
  ],
  "config": {
    "version": "v1",
    "config": {
      "visState": {
        "filters": [],
        "layers": [
          {
            "id": "f7wem3c",
            "type": "point",
            "config": {
              "dataId": "n4jk4fmg",
              "label": "Venezuela 2017",
              "color": [
                221,
                178,
                124
              ],
              "columns": {
                "lat": "Lat_1",
                "lng": "long_1",
                "altitude": null
              },
              "isVisible": true,
              "visConfig": {
                "radius": 6.5,
                "fixedRadius": false,
                "opacity": 0.8,
                "outline": false,
                "thickness": 2,
                "colorRange": {
                  "name": "ColorBrewer RdBu-5",
                  "type": "diverging",
                  "category": "ColorBrewer",
                  "colors": [
                    "#0571b0",
                    "#92c5de",
                    "#f7f7f7",
                    "#f4a582",
                    "#ca0020"
                  ],
                  "reversed": true
                },
                "radiusRange": [
                  11,
                  150.8
                ],
                "hi-precision": true
              },
              "textLabel": {
                "field": null,
                "color": [
                  55,
                  50,
                  39
                ],
                "size": 13,
                "offset": [
                  0,
                  10
                ],
                "anchor": "middle"
              }
            },
            "visualChannels": {
              "colorField": {
                "name": "2017",
                "type": "integer"
              },
              "colorScale": "quantize",
              "sizeField": {
                "name": "2017",
                "type": "integer"
              },
              "sizeScale": "sqrt"
            }
          },
          {
            "id": "2sxa50m",
            "type": "arc",
            "config": {
              "dataId": "n4jk4fmg",
              "label": "Rutas de Emigración",
              "color": [
                241,
                92,
                23
              ],
              "columns": {
                "lat0": "Lat_0",
                "lng0": "Long_0",
                "lat1": "Lat_1",
                "lng1": "long_1"
              },
              "isVisible": true,
              "visConfig": {
                "opacity": 0.04,
                "thickness": 2.6,
                "colorRange": {
                  "name": "Global Warming",
                  "type": "sequential",
                  "category": "Uber",
                  "colors": [
                    "#5A1846",
                    "#900C3F",
                    "#C70039",
                    "#E3611C",
                    "#F1920E",
                    "#FFC300"
                  ]
                },
                "sizeRange": [
                  0,
                  10
                ],
                "targetColor": null,
                "hi-precision": false
              },
              "textLabel": {
                "field": null,
                "color": [
                  255,
                  255,
                  255
                ],
                "size": 50,
                "offset": [
                  0,
                  0
                ],
                "anchor": "middle"
              }
            },
            "visualChannels": {
              "colorField": {
                "name": "2017",
                "type": "integer"
              },
              "colorScale": "quantile",
              "sizeField": {
                "name": "2017",
                "type": "integer"
              },
              "sizeScale": "linear"
            }
          }
        ],
        "interactionConfig": {
          "tooltip": {
            "fieldsToShow": {
              "n4jk4fmg": [
                "pais",
                "2017"
              ]
            },
            "enabled": true
          },
          "brush": {
            "size": 0.5,
            "enabled": false
          }
        },
        "layerBlending": "normal",
        "splitMaps": []
      },
      "mapState": {
        "bearing": 0,
        "dragRotate": false,
        "latitude": -17.233722504732558,
        "longitude": 56.14454951851348,
        "pitch": 0,
        "zoom": 1.207253390701415,
        "isSplit": false
      },
      "mapStyle": {
        "styleType": "muted",
        "topLayerGroups": {},
        "visibleLayerGroups": {
          "label": true,
          "road": false,
          "border": true,
          "building": false,
          "water": true,
          "land": true
        },
        "mapStyles": {}
      }
    }
  },
  "info": {
    "app": "kepler.gl",
    "created_at": "Mon Feb 04 2019 17:24:00 GMT-0500 (hora de Ecuador)"
  }
}
